age,eduction_level,employ,address,income,debtinc,creddebt,othdebt,default
28,High school degree,7,2,44,17.7,2.99,4.8,No
40,Did not complete high school,20,12,61,4.8,1.04,1.89,No
35,Did not complete high school,2,9,38,10.9,1.46,2.68,Yes
26,Some college,2,4,38,11.9,0.95,3.57,Yes
25,Did not complete high school,4,2,30,14.4,1.05,3.27,No
21,Some college,0,0,23,3.9,0.31,0.59,No
30,College degree,4,3,39,10.6,2.39,1.74,Yes
18,High school degree,0,0,35,3.9,0.17,1.19,No
53,Did not complete high school,9,13,41,13.3,2.33,3.12,No
18,High school degree,0,0,15,7.4,0.83,0.28,Yes
18,High school degree,0,0,56,15.7,1.84,6.95,Yes
19,Did not complete high school,2,0,31,0.3,0.02,0.07,Yes
19,High school degree,0,0,26,5.8,0.59,0.92,Yes
21,High school degree,1,1,40,7.6,1.52,1.52,Yes
25,Did not complete high school,8,3,37,8.3,0.95,2.12,No
47,Some college,8,10,43,6.1,0.36,2.26,No
41,High school degree,16,11,56,3.4,0.9,1.01,No
23,College degree,0,2,118,6.4,0.29,7.26,No
45,Post-undergraduate degree,1,4,58,15.4,2.37,6.57,Yes
37,Some college,15,10,65,5,1.3,1.95,No
23,College degree,0,2,42,6.7,1.58,1.23,No
18,High school degree,0,0,19,5.2,0.32,0.67,Yes
19,High school degree,0,0,21,2,0.28,0.14,Yes
41,Did not complete high school,3,12,23,10.6,0.15,2.29,Yes
42,High school degree,3,12,76,5.2,0.72,3.23,Yes
29,College degree,2,3,45,3,0.67,0.68,No
24,College degree,0,2,41,8.4,0.79,2.66,No
45,Post-undergraduate degree,9,11,48,10.2,3.53,1.37,No
40,High school degree,15,6,46,10.6,0.82,4.06,No
21,Some college,0,0,17,17.6,1.37,1.62,Yes
29,High school degree,6,4,35,3.3,0.2,0.96,Yes
22,Some college,0,0,24,5.2,0.28,0.97,Yes
31,Some college,5,7,25,6.8,0.43,1.27,No
26,Did not complete high school,4,2,23,6.9,0.17,1.42,No
23,College degree,0,0,28,19.2,1.72,3.66,Yes
25,Some college,0,1,35,9.7,0.13,3.26,Yes
42,High school degree,16,11,49,9.7,0.56,4.2,No
30,Did not complete high school,2,3,18,3,0.07,0.47,Yes
34,Some college,5,5,44,5.6,0.74,1.72,No
33,Did not complete high school,11,6,52,9.1,0.95,3.79,Yes
26,Some college,2,3,21,8.2,0.54,1.18,No
25,Some college,2,1,26,11.9,1.24,1.86,Yes
41,Post-undergraduate degree,7,12,47,5.2,1.64,0.81,No
36,High school degree,2,9,27,9.3,0.74,1.78,Yes
20,High school degree,0,0,21,10.2,0.55,1.59,No
35,High school degree,6,5,26,2.5,0.45,0.2,No
33,College degree,3,4,34,1.2,0.23,0.18,No
38,College degree,0,12,37,2,0.1,0.64,No
40,High school degree,6,6,36,6.6,1.58,0.8,Yes
39,High school degree,7,6,82,17.4,3.71,10.56,No
18,High school degree,0,0,12,8.2,0.15,0.83,Yes
43,High school degree,6,6,40,6.6,0.5,2.14,No
39,College degree,14,8,46,6.5,0.5,2.49,No
27,Some college,5,4,27,10.5,0.99,1.84,No
47,Some college,17,13,111,8.8,5.73,4.03,No
20,Some college,0,0,22,4.2,0.54,0.39,Yes
42,Did not complete high school,15,7,60,6.1,2.01,1.65,No
33,High school degree,12,5,70,5.7,0.83,3.16,No
41,High school degree,10,7,29,4.2,0.47,0.74,No
35,Some college,0,7,36,4.7,0.55,1.15,No
24,College degree,0,1,27,4.2,0.44,0.69,No
36,High school degree,7,4,41,18.9,3.18,4.57,No
19,Did not complete high school,0,0,18,15.1,0.79,1.92,Yes
29,Post-undergraduate degree,1,4,51,1.3,0.28,0.38,No
44,High school degree,7,9,59,8.4,1.77,3.19,No
19,High school degree,0,0,28,11.7,0.82,2.45,No
39,Did not complete high school,2,9,29,3.7,0.48,0.6,No
18,High school degree,0,0,30,7,0.81,1.29,Yes
28,Some college,7,5,30,8.5,0.46,2.09,No
24,Did not complete high school,5,2,27,10,1.29,1.41,No
33,High school degree,8,4,45,12.1,0.11,5.34,No
34,College degree,11,4,132,4.7,1.51,4.69,No
36,High school degree,16,4,96,12.2,5.42,6.29,No
35,High school degree,9,1,80,12.9,4.28,6.04,Yes
29,College degree,1,4,38,4.5,0.82,0.89,Yes
32,Some college,1,6,45,13.9,1.51,4.74,Yes
25,High school degree,6,2,29,5.9,0.64,1.07,No
37,Did not complete high school,9,6,33,1.2,0.11,0.28,No
26,Did not complete high school,0,3,29,16.9,3.09,1.81,Yes
30,Did not complete high school,6,3,22,15.5,0.13,3.28,Yes
30,College degree,4,5,64,14.1,2.83,6.19,No
18,High school degree,0,0,19,14,0.56,2.1,Yes
24,Some college,1,1,33,14,0.06,4.56,No
31,College degree,0,6,28,4.5,0.07,1.19,No
25,Did not complete high school,4,3,31,3.1,0.37,0.59,No
24,College degree,0,2,48,1.2,0.06,0.51,Yes
26,Some college,2,3,37,3.1,0.35,0.8,No
33,High school degree,13,5,54,16.2,2.88,5.87,Yes
44,College degree,18,9,136,4.2,1.42,4.3,No
18,High school degree,0,0,16,6,0.4,0.56,No
29,Some college,1,2,34,15.5,0.39,4.88,Yes
21,Some college,0,1,27,16.5,1.16,3.3,No
37,Did not complete high school,5,10,21,14.5,0.71,2.33,No
24,Did not complete high school,6,3,36,13.2,1.92,2.83,No
24,College degree,0,4,18,2.9,0.18,0.34,No
18,High school degree,0,0,25,2.9,0.56,0.16,No
30,College degree,5,6,95,7,3.46,3.19,No
36,Did not complete high school,4,8,45,13.2,0.33,5.61,No
34,Did not complete high school,14,9,39,11.4,2.71,1.73,No
23,College degree,0,1,53,3,0.63,0.96,Yes
25,Post-undergraduate degree,0,3,32,14.6,1.45,3.22,Yes
22,Did not complete high school,1,1,22,3.2,0.16,0.55,No
31,Some college,7,5,53,2.7,0.73,0.7,No
47,High school degree,6,10,40,8.7,1.31,2.17,Yes
39,High school degree,9,5,60,9.2,2.08,3.44,No
27,Post-undergraduate degree,0,4,30,4.3,0.42,0.87,No
35,High school degree,6,5,32,7.6,0.82,1.61,No
30,College degree,4,7,30,9.2,0.89,1.87,No
19,High school degree,0,0,23,8.8,1.11,0.92,No
20,High school degree,1,0,19,8,0.78,0.74,No
43,High school degree,14,8,61,10.8,2.17,4.41,No
25,High school degree,2,3,25,9.9,1.4,1.08,No
41,Did not complete high school,11,5,36,10.2,1.37,2.31,Yes
37,Some college,3,4,36,6.7,0.68,1.73,No
22,Did not complete high school,0,2,17,3.7,0.14,0.49,Yes
23,High school degree,0,3,27,17.6,2.13,2.62,Yes
45,College degree,1,8,60,9.9,1.14,4.8,Yes
19,Did not complete high school,1,0,20,8.8,0.55,1.21,No
26,High school degree,6,3,23,13.6,0.13,3,No
49,College degree,1,8,51,11.2,1.86,3.85,No
28,Some college,1,3,16,5.2,0.5,0.33,No
37,Did not complete high school,18,8,36,4.8,0.44,1.29,No
41,Did not complete high school,9,8,29,5.6,0.25,1.38,No
30,High school degree,8,4,68,2.4,0.27,1.36,No
25,Some college,2,2,19,3.4,0.19,0.46,No
26,Post-undergraduate degree,0,4,19,7.7,0.67,0.79,No
24,Did not complete high school,8,2,28,6.6,0.26,1.59,No
26,High school degree,6,2,38,10.6,2.57,1.46,No
18,High school degree,0,0,44,9.2,1.25,2.8,No
18,Did not complete high school,0,0,20,3.9,0.37,0.41,No
18,High school degree,0,0,24,6.5,0.3,1.26,No
52,College degree,2,12,96,7.1,2.28,4.54,Yes
32,High school degree,2,6,30,9.4,1.18,1.64,No
27,High school degree,6,5,42,9.1,2.19,1.64,Yes
23,Some college,0,2,57,17.8,2.73,7.42,Yes
29,College degree,3,3,46,8.1,0.29,3.44,No
31,College degree,3,5,22,4.6,0.23,0.79,No
19,High school degree,0,0,28,9.1,0.87,1.68,Yes
18,High school degree,0,0,19,1.5,0.06,0.22,No
22,Did not complete high school,1,1,19,8.9,0.49,1.2,No
21,High school degree,0,1,30,4.3,0.18,1.11,No
33,Some college,4,4,60,9.5,1.61,4.09,No
42,Some college,18,15,63,11.3,2.54,4.58,No
32,Some college,10,5,38,11.5,1.05,3.32,No
20,Some college,0,0,20,7.2,0.34,1.1,Yes
19,High school degree,0,0,24,15.6,0.75,3,Yes
24,College degree,0,2,21,6.6,0.58,0.81,Yes
53,Did not complete high school,1,12,30,8.8,0.41,2.23,No
35,High school degree,14,7,62,8.2,0.6,4.48,No
43,High school degree,7,11,53,3.7,0.85,1.11,No
32,Did not complete high school,9,6,33,8.1,1.15,1.52,No
27,Did not complete high school,9,1,28,5.7,0.11,1.49,No
18,High school degree,0,0,22,1.5,0.13,0.2,No
18,High school degree,0,0,36,6.2,1.05,1.18,Yes
43,Some college,0,4,31,2.4,0.28,0.46,No
50,High school degree,15,14,65,12.6,3.05,5.14,No
26,Did not complete high school,10,3,31,8.8,0.78,1.95,No
35,High school degree,4,2,57,6,1.29,2.13,No
47,High school degree,6,12,34,4.4,0.53,0.97,No
31,Post-undergraduate degree,2,5,19,15.9,0.94,2.08,No
40,Some college,7,11,53,12.4,1.48,5.09,No
34,College degree,3,8,72,7.6,0.38,5.09,No
18,High school degree,0,0,18,12.7,0.65,1.64,Yes
31,High school degree,2,6,45,3.1,0.43,0.96,No
25,High school degree,1,1,16,2.1,0.15,0.19,No
26,Some college,1,4,36,12.5,1.59,2.91,No
18,Did not complete high school,0,0,28,17,1.75,3.01,Yes
30,High school degree,0,4,25,7.4,0.26,1.59,No
47,Some college,3,8,69,5.2,0.9,2.69,No
18,High school degree,0,0,35,12.4,1.13,3.21,No
30,Did not complete high school,13,3,38,4.6,0.34,1.41,No
21,Some college,0,1,25,6.7,1.29,0.38,Yes
36,High school degree,3,6,28,4.9,0.26,1.12,No
26,High school degree,7,3,49,17.7,5.38,3.3,Yes
20,Some college,0,0,21,1.3,0.18,0.09,Yes
42,College degree,7,12,130,11.6,3.33,11.75,Yes
23,College degree,0,3,47,8.9,0.62,3.56,No
32,Some college,3,8,86,7.9,2.2,4.59,No
20,Some college,0,0,30,10.6,2.53,0.65,Yes
19,High school degree,0,0,21,12,0.35,2.17,No
26,High school degree,1,0,26,11.1,1.69,1.19,Yes
19,High school degree,0,0,20,0.1,0.01,0.01,Yes
21,Some college,0,1,13,8.3,0.45,0.63,Yes
18,High school degree,0,0,12,3.3,0.11,0.29,Yes
20,High school degree,0,0,38,7.5,0.36,2.49,No
33,College degree,1,6,23,4.2,0.19,0.77,Yes
19,Did not complete high school,1,0,16,3.4,0.31,0.24,Yes
29,Some college,5,5,52,16.8,5.63,3.1,No
40,High school degree,20,10,117,11.9,4.94,8.98,No
21,High school degree,1,1,23,7.4,0.26,1.44,Yes
43,High school degree,8,11,48,9.7,1.32,3.34,No
27,High school degree,3,4,28,4.2,0.54,0.64,No
21,Some college,0,1,21,10.4,1.54,0.65,No
29,High school degree,3,5,45,14.1,1.68,4.66,Yes
41,High school degree,2,10,40,7.9,0.31,2.85,No
28,College degree,5,3,30,7,0.46,1.64,No
48,High school degree,5,10,43,6.9,2.26,0.7,Yes
25,Post-undergraduate degree,0,3,66,2.8,0.9,0.94,No
41,High school degree,3,7,62,7,2.89,1.45,Yes
22,High school degree,1,2,24,16.1,0.8,3.07,No
47,Some college,8,11,43,11.8,2.27,2.8,No
18,High school degree,0,0,24,5.3,0.59,0.68,No
28,Post-undergraduate degree,0,4,50,8.6,0.28,4.02,No
41,High school degree,5,8,37,5.8,0.35,1.8,No
31,High school degree,2,7,42,10.3,0.86,3.47,Yes
19,High school degree,0,0,21,14.3,1.22,1.78,No
31,Some college,1,7,28,2,0.17,0.39,No
39,High school degree,5,5,39,4.2,0.72,0.92,No
20,High school degree,0,0,17,7.3,0.57,0.67,Yes
31,College degree,8,4,29,6.8,1.12,0.85,No
23,Did not complete high school,3,1,41,5.5,0.67,1.58,No
29,College degree,3,1,47,2.9,0.53,0.83,No
39,Did not complete high school,8,9,41,0.1,0.03,0.01,No
28,College degree,4,4,20,15.5,0.3,2.8,Yes
40,Some college,10,12,38,6.1,0.92,1.4,No
46,Some college,2,13,56,2.3,0.41,0.87,No
20,Did not complete high school,2,0,20,2.7,0.2,0.34,Yes
20,Some college,0,0,20,11.3,1.96,0.3,Yes
18,High school degree,0,0,29,5.6,0.9,0.73,No
32,Post-undergraduate degree,3,6,59,9,1.85,3.46,No
42,Some college,2,13,22,13.6,1.46,1.53,Yes
43,Some college,9,9,57,4.5,1.81,0.76,No
27,Did not complete high school,7,5,43,10,1.2,3.1,No
23,High school degree,3,2,66,2.7,0.79,0.99,No
21,High school degree,1,0,33,13.1,1.31,3.01,Yes
19,High school degree,0,0,28,9.7,1.35,1.37,Yes
24,College degree,0,2,21,11,0.72,1.59,Yes
23,College degree,0,1,30,12.8,2.3,1.54,Yes
43,Some college,13,9,82,9.9,1.78,6.34,No
28,High school degree,8,3,22,5.4,0.17,1.02,No
26,College degree,2,3,36,14.4,1.89,3.29,Yes
40,College degree,7,11,33,12.4,0.65,3.45,No
19,High school degree,0,0,22,16.8,1.64,2.06,Yes
45,High school degree,1,10,43,2.8,0.38,0.82,No
20,Some college,0,0,29,17,1.93,3,Yes
42,High school degree,7,8,47,7.8,1.02,2.65,No
33,College degree,1,3,40,13.3,0.87,4.45,No
20,Some college,0,0,28,10.4,0.93,1.98,Yes
20,Some college,0,1,19,4.5,0.35,0.51,No
20,Some college,0,0,20,13.5,0.59,2.11,No
34,Some college,11,5,68,11.9,3.37,4.73,No
39,Did not complete high school,12,11,47,9.5,1.03,3.43,No
42,Did not complete high school,2,10,38,3.6,0.39,0.98,Yes
30,College degree,2,6,61,2.9,0.64,1.13,Yes
39,College degree,12,9,82,6.2,1.79,3.29,No
26,Some college,5,2,25,10.8,1.13,1.57,No
31,Some college,4,6,43,6.9,0.66,2.31,No
28,High school degree,9,3,36,3.2,0.09,1.06,No
36,Some college,8,4,41,11.1,1.57,2.98,Yes
38,Post-undergraduate degree,4,5,66,10.7,2.4,4.66,Yes
24,High school degree,5,3,31,10.4,0.7,2.52,No
45,Did not complete high school,12,10,44,9.8,1.6,2.72,No
47,Post-undergraduate degree,8,13,33,15.4,1.71,3.37,No
19,High school degree,0,0,25,3.9,0.68,0.29,Yes
40,College degree,3,10,35,10,1.09,2.42,Yes
25,College degree,1,1,27,14.2,0.46,3.38,No
40,Some college,15,4,78,15.5,3.52,8.57,No
37,Post-undergraduate degree,1,10,90,1.8,0.25,1.37,No
18,High school degree,0,0,28,9.9,1.05,1.72,No
46,Did not complete high school,2,10,38,8.2,0.5,2.62,Yes
51,High school degree,3,14,19,4.9,0.34,0.59,No
34,High school degree,6,4,45,9.1,1.31,2.78,No
19,High school degree,0,0,18,6.3,0.26,0.87,No
35,College degree,5,4,47,16.1,3.18,4.39,Yes
29,College degree,1,4,50,15.1,2.67,4.88,Yes
47,High school degree,10,10,48,7,1.98,1.38,No
26,Some college,4,4,50,0.8,0.13,0.27,No
27,College degree,2,3,34,11.4,2.16,1.72,No
19,High school degree,0,0,36,6.7,0.89,1.52,No
23,Some college,1,1,30,13.6,2.04,2.04,Yes
19,High school degree,0,0,20,5.6,0.16,0.96,Yes
23,High school degree,3,1,27,17.8,0.93,3.88,Yes
30,College degree,1,6,16,8.5,1.08,0.28,Yes
21,Some college,0,0,35,6.8,0.91,1.47,Yes
20,Some college,0,0,35,5.8,0.76,1.27,No
23,College degree,0,2,36,1.1,0.1,0.29,No
46,Some college,2,14,27,12.1,0.55,2.72,No
27,High school degree,5,3,28,5.2,0.5,0.96,No
22,Some college,1,2,27,9.8,0.25,2.4,No
41,High school degree,13,7,50,14.2,3.72,3.38,Yes
52,Did not complete high school,8,6,43,17.5,3.44,4.09,No
20,Some college,0,0,45,7.7,1.14,2.32,Yes
30,Post-undergraduate degree,2,8,99,1.5,0.8,0.69,No
31,College degree,0,7,41,3.8,1.11,0.44,No
26,Some college,2,3,38,7.6,1.39,1.49,Yes
32,High school degree,12,6,61,8.2,0.3,4.71,No
27,High school degree,4,2,34,15.1,0.84,4.3,No
47,High school degree,6,11,75,15.2,2.93,8.47,No
45,High school degree,7,8,32,5.4,0.13,1.6,No
29,Some college,2,5,31,6.8,1.41,0.7,No
29,Some college,4,5,67,7.9,0.93,4.36,No
27,Did not complete high school,5,2,33,5.1,0.58,1.1,No
44,Did not complete high school,9,3,37,18.4,2.92,3.89,No
26,Some college,4,4,28,15,2.38,1.82,No
38,College degree,4,8,91,3.9,1.02,2.53,Yes
42,College degree,17,8,54,10.3,0.29,5.27,No
43,Some college,13,11,59,11,1.72,4.77,Yes
37,High school degree,17,6,123,10.6,3.89,9.15,No
39,High school degree,0,10,38,7.5,0.2,2.65,No
30,College degree,5,3,62,2.6,0.7,0.91,No
52,High school degree,9,12,72,15.4,4.08,7.01,No
40,College degree,5,9,62,8,1.49,3.47,Yes
23,High school degree,3,2,25,2.5,0.17,0.45,No
40,High school degree,2,7,32,3.4,0.18,0.91,No
19,High school degree,0,0,37,3,0.21,0.9,No
22,College degree,0,0,36,3.3,0.28,0.91,No
36,Post-undergraduate degree,7,12,67,8.2,3.1,2.4,No
19,High school degree,0,0,50,1.8,0.49,0.41,No
32,Some college,10,7,70,3.2,0.85,1.39,Yes
20,Some college,0,0,32,8.5,1.11,1.61,No
20,High school degree,0,0,26,4,0.39,0.65,Yes
22,College degree,0,2,31,7.6,0.2,2.16,No
23,College degree,0,2,45,10.7,0.61,4.2,Yes
29,High school degree,9,3,69,6.7,1.07,3.55,No
34,Did not complete high school,6,6,33,6.4,0.53,1.59,No
18,High school degree,0,0,25,6.2,0.62,0.93,Yes
23,Some college,2,2,47,14.6,2.94,3.93,Yes
35,Did not complete high school,5,8,62,8.5,1.99,3.28,Yes
30,Some college,5,3,27,6.2,0.86,0.81,No
18,High school degree,0,0,28,2.4,0.22,0.45,Yes
18,High school degree,0,0,33,8.2,0.84,1.87,Yes
33,Some college,3,2,46,3.8,0.41,1.34,No
20,Did not complete high school,2,0,20,18.8,1.19,2.57,Yes
22,College degree,0,1,36,10.7,1.67,2.18,Yes
22,High school degree,3,1,45,11.1,1.85,3.15,No
22,Did not complete high school,4,1,24,4.4,0.53,0.52,No
34,Did not complete high school,10,7,96,5.4,1.65,3.53,No
30,Did not complete high school,13,2,42,15.3,0.94,5.48,No
21,High school degree,1,0,43,14.1,3.38,2.69,Yes
20,High school degree,0,0,28,18,3.07,1.97,Yes
18,High school degree,0,0,20,14.5,0.33,2.57,No
26,Post-undergraduate degree,0,3,49,4.4,0.95,1.21,No
38,Some college,3,3,34,3.9,0.86,0.46,No
31,High school degree,3,6,45,0.7,0.13,0.19,No
24,College degree,0,1,35,1.2,0.04,0.38,Yes
33,College degree,3,2,40,1.2,0.26,0.22,No
26,College degree,1,3,39,2,0.33,0.45,No
34,High school degree,4,8,46,5.5,0.7,1.83,No
44,Post-undergraduate degree,2,13,91,4.8,1.02,3.35,Yes
22,High school degree,0,2,16,9.8,0.31,1.26,Yes
19,Did not complete high school,3,0,21,7.1,0.48,1.01,No
20,High school degree,0,0,26,8.9,0.5,1.81,No
35,College degree,10,7,44,0.5,0.11,0.11,No
24,College degree,0,2,28,4,0.7,0.42,No
30,Post-undergraduate degree,1,6,33,7.4,0.63,1.81,No
45,College degree,0,14,81,4.1,1.51,1.81,No
38,Post-undergraduate degree,9,11,66,1.2,0.59,0.2,No
21,High school degree,1,1,37,8.5,0.9,2.25,No
22,College degree,0,1,74,7.5,1.86,3.69,Yes
37,High school degree,9,11,41,2.9,0.11,1.08,No
29,High school degree,3,2,42,9.3,1.77,2.14,No
37,College degree,10,6,97,8.3,2.01,6.04,No
20,Did not complete high school,3,0,21,17.9,0.53,3.23,Yes
30,Some college,6,4,20,9.7,0.51,1.43,Yes
26,College degree,0,3,36,17.9,3.02,3.43,Yes
18,High school degree,0,0,47,3.6,1.21,0.48,No
31,Did not complete high school,5,7,27,4.2,0.56,0.57,No
44,Some college,8,8,49,16.3,2.46,5.53,Yes
19,High school degree,0,0,24,12.5,0.94,2.06,Yes
37,College degree,0,9,83,14.9,5.9,6.47,Yes
35,College degree,9,6,123,6.1,1.7,5.8,No
24,College degree,0,0,64,13,3.98,4.34,Yes
31,College degree,1,4,43,7.9,2.49,0.9,No
18,High school degree,0,0,27,4.1,0.17,0.94,Yes
27,Some college,3,5,26,2,0.04,0.48,Yes
49,High school degree,15,11,35,3,0.74,0.32,No
24,Some college,1,2,23,14.8,0.8,2.61,Yes
27,College degree,3,5,36,16.2,1.39,4.44,Yes
26,High school degree,2,4,26,14.5,0.56,3.21,No
32,College degree,0,6,37,3.1,0.59,0.55,Yes
53,Post-undergraduate degree,16,13,51,4.1,0.95,1.14,No
19,High school degree,0,0,17,14.1,1.04,1.36,Yes
18,High school degree,0,0,19,6.4,0.4,0.82,Yes
19,High school degree,1,0,21,7.9,1.1,0.55,Yes
30,Post-undergraduate degree,3,2,40,16.9,2.22,4.54,Yes
27,College degree,3,3,43,4.5,0.58,1.36,No
42,High school degree,15,9,46,13.1,1.06,4.97,No
24,College degree,0,3,44,13.5,2.38,3.56,Yes
28,Some college,4,5,20,6.2,0.57,0.67,No
25,High school degree,3,2,23,5,0.28,0.87,No
24,College degree,0,3,49,5,0.87,1.58,Yes
36,Some college,9,7,76,5.7,0.29,4.04,No
23,Some college,0,1,45,15.8,1.12,5.99,No
32,Some college,1,4,26,3.3,0.24,0.62,No
32,High school degree,9,7,53,14.9,5.81,2.08,Yes
35,College degree,7,6,76,7,0.56,4.76,No
30,Some college,3,6,34,14.3,2.26,2.61,Yes
30,Did not complete high school,4,3,36,9.6,0.83,2.63,Yes
31,High school degree,6,5,26,6.5,0.33,1.36,No
23,Did not complete high school,0,2,16,17.2,0.91,1.84,Yes
46,Did not complete high school,11,8,61,10.4,3.44,2.9,No
26,College degree,2,4,19,3.8,0.11,0.62,No
34,High school degree,6,7,27,6.4,0.27,1.46,No
30,Did not complete high school,12,5,35,5.7,1.34,0.66,No
23,College degree,0,2,29,9.4,0.84,1.89,Yes
22,College degree,0,1,76,7.7,3.62,2.24,No
27,College degree,0,4,46,1.9,0.23,0.64,Yes
30,Some college,0,5,70,6.9,0.37,4.46,Yes
23,High school degree,0,1,22,9,0.71,1.27,No
42,Post-undergraduate degree,12,13,34,6.1,0.56,1.52,No
29,College degree,2,3,55,15.6,1.48,7.1,Yes
47,High school degree,16,8,66,1.7,0.1,1.02,No
34,College degree,8,7,30,5.7,1.08,0.63,No
31,High school degree,11,7,51,12.4,4.14,2.19,Yes
35,College degree,10,4,53,19,3.64,6.43,No
19,Did not complete high school,2,0,21,12,0.15,2.37,No
30,Did not complete high school,7,7,40,11.4,1.78,2.78,Yes
25,College degree,0,2,35,0.6,0.07,0.14,No
38,Post-undergraduate degree,11,8,40,8.8,1.65,1.87,No
18,High school degree,0,0,34,2.8,0.29,0.66,No
53,High school degree,10,14,62,13.4,2.38,5.93,Yes
19,High school degree,0,0,21,2.5,0.03,0.49,No
20,Did not complete high school,2,0,18,2.3,0.06,0.36,No
21,High school degree,2,1,22,9.2,1.05,0.98,Yes
19,High school degree,0,0,17,5.5,0.51,0.43,No
23,College degree,0,1,42,12.2,2.24,2.88,No
45,Post-undergraduate degree,18,12,88,9.6,4.04,4.41,No
21,Some college,0,1,22,1.5,0.1,0.23,No
22,College degree,0,2,24,8,0.64,1.28,Yes
20,Some college,0,0,23,14.2,1.86,1.4,Yes
41,High school degree,12,9,58,13.1,3.78,3.81,No
36,High school degree,14,3,71,6.9,1.43,3.47,No
33,Some college,11,8,79,10.8,3.08,5.45,No
23,High school degree,2,2,34,3.3,0.22,0.9,No
46,Some college,8,6,119,5.6,1.11,5.55,Yes
21,Some college,0,0,15,6.1,0.07,0.84,Yes
39,Some college,9,8,69,6,0.55,3.59,No
31,College degree,1,7,69,0.4,0.19,0.09,No
20,Some college,0,0,18,17.4,0.42,2.71,No
39,Post-undergraduate degree,3,9,42,15.2,3.08,3.31,No
37,Some college,2,8,55,8,1.64,2.76,No
20,Some college,0,0,41,4.3,0.47,1.29,No
50,Did not complete high school,20,15,117,7.6,3.15,5.74,No
33,Did not complete high school,2,7,28,1.6,0.14,0.31,No
36,Did not complete high school,16,10,44,7.4,1.96,1.3,No
21,High school degree,1,0,29,5.7,0.64,1.01,No
37,Some college,12,11,121,13.6,4.69,11.77,No
27,Post-undergraduate degree,0,4,24,6.1,0.17,1.3,Yes
28,College degree,5,5,112,9.9,0.93,10.16,No
27,Some college,4,5,40,13.2,3.73,1.55,No
32,Some college,4,3,37,4.1,0.48,1.04,Yes
24,College degree,0,2,35,12.1,2.47,1.77,Yes
20,High school degree,0,0,44,3.9,1.07,0.65,No
39,College degree,16,4,47,16.5,4.16,3.6,No
18,High school degree,0,0,57,3.1,1.24,0.53,Yes
20,Did not complete high school,0,1,18,9.5,0.16,1.55,No
29,College degree,3,2,102,9.8,4.83,5.17,Yes
30,College degree,4,6,46,3.9,1.26,0.54,No
20,Did not complete high school,2,0,42,3.1,0.89,0.41,Yes
34,College degree,7,3,33,7.5,1.88,0.6,Yes
47,Did not complete high school,16,15,51,14.2,3.4,3.85,No
37,High school degree,12,8,29,9.3,0.88,1.82,No
36,High school degree,9,10,35,0.8,0.09,0.19,No
30,College degree,1,6,107,8.9,1.44,8.09,Yes
24,High school degree,0,2,21,13.7,1.38,1.5,No
24,College degree,0,2,49,13.6,3.04,3.63,Yes
31,High school degree,0,6,34,4.2,0.71,0.71,Yes
41,College degree,15,13,89,9.2,2.55,5.63,No
20,Some college,0,1,23,1,0.02,0.21,No
30,High school degree,8,5,65,9.2,2.45,3.53,No
27,Did not complete high school,5,5,34,1,0.06,0.28,No
24,College degree,0,2,38,1.6,0.03,0.57,No
38,High school degree,16,6,71,6.6,1.54,3.15,No
24,Did not complete high school,7,2,29,13.6,0.64,3.3,No
48,High school degree,7,11,80,3.7,0.79,2.17,No
49,College degree,0,11,77,2,0.21,1.33,No
19,Did not complete high school,3,0,22,10.9,0.47,1.93,No
29,College degree,1,4,26,6.6,0.51,1.21,Yes
28,High school degree,3,5,64,9.4,1.03,4.98,Yes
27,High school degree,4,3,32,6.7,0.56,1.59,Yes
24,College degree,0,2,40,8.6,1.2,2.24,No
23,Did not complete high school,2,2,38,12.2,2.23,2.41,Yes
43,Post-undergraduate degree,3,8,30,3.1,0.34,0.59,No
29,Post-undergraduate degree,1,5,51,12.5,2.43,3.95,No
22,College degree,0,1,20,6.5,0.6,0.7,Yes
24,High school degree,2,3,34,2.4,0.27,0.54,No
30,Some college,8,3,65,8.8,1.92,3.8,No
37,Some college,3,4,57,10.8,0.72,5.44,Yes
27,High school degree,4,1,36,14.7,1.46,3.83,Yes
22,College degree,0,1,29,3.7,0.08,0.99,No
28,Post-undergraduate degree,1,3,77,0.2,0.06,0.1,No
31,High school degree,11,4,41,2,0.34,0.48,No
44,Did not complete high school,14,12,68,14.9,1.78,8.35,No
26,High school degree,5,2,42,10.6,2.13,2.32,Yes
20,Some college,0,0,77,9.6,3.85,3.54,Yes
24,Some college,2,0,43,7.3,1.24,1.9,No
53,Did not complete high school,17,9,59,0.5,0.03,0.26,No
29,High school degree,0,4,28,4.7,0.14,1.18,Yes
20,High school degree,0,0,27,10.3,0.39,2.39,Yes
27,Post-undergraduate degree,0,3,36,4.1,0.73,0.75,No
46,Post-undergraduate degree,13,14,84,9.9,1.71,6.6,No
36,College degree,4,8,101,6.7,2.09,4.68,Yes
51,College degree,4,6,43,3.3,0.2,1.22,No
39,Did not complete high school,20,10,52,19.7,2.33,7.92,No
23,Some college,0,1,33,1.7,0.24,0.32,No
34,Post-undergraduate degree,0,5,120,6.4,5.55,2.13,Yes
18,High school degree,0,0,30,19.8,2.3,3.64,Yes
29,Post-undergraduate degree,3,2,26,7.8,0.46,1.57,No
32,College degree,8,5,44,13.7,1.35,4.68,No
34,High school degree,12,7,58,19.9,2.49,9.05,No
37,Did not complete high school,14,4,67,13.4,2.12,6.86,No
37,Some college,4,6,53,15.5,1.27,6.95,No
37,Some college,4,6,30,4.6,0.71,0.67,No
45,College degree,16,13,53,5.7,0.93,2.09,No
48,Some college,4,12,57,12.1,2.46,4.43,No
36,Did not complete high school,12,5,55,5.8,1.2,1.99,No
26,High school degree,1,3,42,1.5,0.08,0.55,Yes
37,High school degree,2,9,31,9.6,1.54,1.44,No
27,College degree,1,2,21,14.4,0.52,2.51,No
26,Did not complete high school,6,2,46,9.8,0.34,4.17,No
32,Some college,7,5,34,10.7,0.52,3.12,No
23,Some college,0,1,16,7.8,0.35,0.9,No
34,Did not complete high school,0,7,26,1.9,0.18,0.32,No
30,High school degree,0,4,17,4.9,0.41,0.42,Yes
25,Some college,2,3,52,7.7,1.07,2.93,No
24,High school degree,3,2,24,10.7,1.98,0.59,No
34,College degree,1,7,40,17.6,1.68,5.36,Yes
29,College degree,2,5,34,19,1.03,5.43,Yes
21,High school degree,1,1,29,0.9,0.02,0.24,No
50,College degree,9,11,24,15.7,0.58,3.18,No
25,College degree,0,2,29,15.7,1.83,2.73,Yes
27,High school degree,6,5,20,13.2,1.44,1.2,No
25,Some college,4,3,41,18.4,2.01,5.54,No
27,College degree,3,5,41,4.8,0.55,1.41,Yes
26,High school degree,4,4,31,5.5,0.25,1.45,No
49,High school degree,6,12,49,1.7,0.5,0.33,No
30,High school degree,4,2,55,5.5,1.45,1.57,No
37,Did not complete high school,16,8,43,5.6,0.64,1.77,No
34,High school degree,9,3,62,8,0.4,4.56,No
28,Some college,4,2,58,12.6,2.48,4.83,Yes
19,High school degree,0,0,20,3.1,0.26,0.36,Yes
25,College degree,0,1,31,3.9,0.37,0.84,Yes
18,High school degree,0,0,15,12.2,0.37,1.46,No
24,College degree,0,2,32,5.6,0.25,1.54,Yes
30,High school degree,5,6,26,14.8,0.97,2.87,Yes
36,High school degree,1,4,55,19.6,6.36,4.42,Yes
32,College degree,0,5,38,3.7,0.18,1.22,Yes
41,College degree,2,7,94,7,1.16,5.42,No
26,Did not complete high school,4,3,34,19,0.67,5.79,Yes
34,College degree,6,5,65,14.4,4.98,4.38,Yes
33,High school degree,0,7,64,10.6,2.69,4.1,No
18,High school degree,0,0,14,4.3,0.15,0.45,No
21,Some college,0,1,18,12.1,0.59,1.59,No
34,High school degree,4,8,49,3.1,0.04,1.48,No
20,Did not complete high school,2,0,16,4.7,0.25,0.5,No
34,Did not complete high school,11,6,54,10.6,3.12,2.6,No
22,Some college,0,1,14,2.5,0.26,0.09,No
18,High school degree,0,0,18,13.1,0.92,1.44,Yes
46,Did not complete high school,4,7,67,3.4,0.76,1.52,No
21,High school degree,0,1,20,2.2,0.1,0.34,No
22,College degree,0,2,26,6,0.02,1.54,No
23,College degree,0,2,23,18,0.51,3.63,Yes
25,High school degree,3,2,48,8.2,2.87,1.07,Yes
35,College degree,0,11,84,3.4,1.18,1.67,No
19,High school degree,0,0,20,12.8,1.14,1.42,No
25,College degree,1,1,20,6.9,0.43,0.95,Yes
23,College degree,0,1,62,3,0.56,1.3,Yes
49,Some college,12,11,85,4.5,2.29,1.53,No
45,College degree,6,10,59,10.6,3.8,2.45,No
45,High school degree,10,13,45,2.9,0.19,1.12,No
32,College degree,6,7,31,5.2,0.38,1.23,No
28,College degree,0,4,60,0.5,0.08,0.22,No
49,Some college,20,9,140,9.9,4.42,9.44,No
19,High school degree,0,0,19,4.4,0.06,0.77,No
34,Some college,0,6,24,9.4,0.08,2.18,Yes
51,Some college,2,15,34,7.2,1.77,0.68,No
41,Post-undergraduate degree,9,14,87,4.4,0.78,3.05,No
23,College degree,0,1,35,15,0.4,4.85,Yes
33,College degree,3,7,19,17.2,0.37,2.9,Yes
20,Some college,0,0,16,3.5,0.23,0.33,Yes
27,High school degree,3,4,26,2.6,0.09,0.58,No
34,High school degree,9,3,29,11.6,1.06,2.3,Yes
20,High school degree,0,0,34,12.9,0.9,3.49,Yes
19,High school degree,0,0,20,12.7,1.22,1.32,No
25,College degree,1,1,15,8.9,0.56,0.78,Yes
23,Some college,0,1,30,6.9,0.55,1.52,No
18,High school degree,0,0,21,6.6,0.08,1.31,Yes
23,High school degree,4,1,22,3.8,0.08,0.76,No
27,High school degree,2,2,55,11.7,0.54,5.89,Yes
42,Post-undergraduate degree,6,8,20,15.3,1.43,1.63,Yes
31,Some college,9,6,23,7.8,0.45,1.35,No
33,High school degree,9,5,34,12.7,3.16,1.16,Yes
48,High school degree,12,12,51,4.3,0.22,1.97,No
26,High school degree,2,4,55,11,4.69,1.36,Yes
28,Post-undergraduate degree,2,5,18,11.9,0.32,1.82,Yes
22,Did not complete high school,4,1,21,9,0.87,1.02,No
18,High school degree,0,0,18,8,0.4,1.04,No
19,High school degree,1,0,24,12.3,1.11,1.84,Yes
18,Did not complete high school,1,0,18,8,0.74,0.7,Yes
23,Some college,0,1,18,4,0.05,0.67,No
19,High school degree,0,0,14,8.2,0.38,0.77,Yes
29,Some college,8,5,39,11.6,3.26,1.27,Yes
25,High school degree,2,3,24,3,0.15,0.57,No
18,High school degree,0,0,24,0.9,0.13,0.09,Yes
40,Some college,4,6,87,1.2,0.86,0.18,No
31,High school degree,11,8,36,4.7,0.13,1.57,No
52,College degree,2,12,84,3.1,0.2,2.4,No
40,Some college,18,13,84,6.2,0.94,4.27,No
18,High school degree,0,0,17,11.9,0.17,1.86,Yes
34,Some college,11,6,52,12.9,4.17,2.54,No
19,High school degree,0,0,21,12.6,1.23,1.42,Yes
25,Some college,3,1,27,16.9,1.09,3.48,No
30,Some college,4,4,39,11.6,1.39,3.13,No
21,High school degree,2,1,23,3.5,0.25,0.55,No
18,High school degree,0,0,23,11.5,0.66,1.98,Yes
18,High school degree,0,0,15,8,0.22,0.98,No
34,Did not complete high school,10,6,50,5.3,0.58,2.07,No
40,College degree,15,13,111,9.6,1.88,8.78,No
49,Did not complete high school,4,11,36,9.9,1.36,2.21,No
27,Some college,0,4,31,3.7,0.28,0.86,No
23,High school degree,1,2,30,18.2,1.37,4.09,Yes
39,Some college,16,10,46,11.3,1.45,3.75,No
20,High school degree,0,1,28,9.8,0.66,2.09,No
26,Some college,0,3,23,10.9,1.71,0.8,Yes
39,High school degree,1,9,27,1.4,0.1,0.28,No
35,High school degree,15,8,66,3.3,1.05,1.12,No
46,Post-undergraduate degree,11,9,136,4.9,3.27,3.39,Yes
21,Some college,0,1,33,9.1,1.05,1.95,Yes
29,High school degree,0,5,33,5.8,0.58,1.34,No
28,High school degree,3,5,53,5.7,1.57,1.45,Yes
28,Some college,3,3,61,16.1,3.16,6.66,Yes
30,Did not complete high school,4,6,30,10.8,1.03,2.21,No
20,Did not complete high school,1,0,22,10.1,0.14,2.08,Yes
24,College degree,0,2,29,9.6,1.04,1.75,Yes
19,High school degree,0,0,15,9.5,0.4,1.03,Yes
39,High school degree,17,9,90,6.8,3.45,2.67,No
22,College degree,0,1,30,3.4,0.15,0.87,No
30,High school degree,2,4,34,11.6,1.39,2.55,No
24,Did not complete high school,4,2,24,18,1.64,2.68,Yes
25,College degree,1,2,66,4.2,0.55,2.22,Yes
22,High school degree,2,1,39,4.7,0.5,1.33,No
35,Post-undergraduate degree,0,9,36,13.3,0.99,3.8,No
30,College degree,2,5,27,10.6,0.74,2.13,No
22,College degree,0,2,46,8.6,1.76,2.19,Yes
19,High school degree,0,0,28,7.5,1.51,0.59,Yes
18,High school degree,0,0,16,8.3,0.17,1.15,Yes
29,High school degree,1,5,39,10.3,2.98,1.03,Yes
37,High school degree,0,9,37,16.2,0.93,5.06,No
23,College degree,0,1,73,0.7,0.25,0.26,No
27,Some college,4,5,41,6.1,1.65,0.85,Yes
38,College degree,10,11,63,12.2,2.76,4.93,No
39,College degree,12,10,98,1.6,0.16,1.41,No
19,High school degree,0,0,26,17.2,2.65,1.82,Yes
24,High school degree,4,2,21,3.8,0.36,0.44,No
28,High school degree,3,4,20,9,0.37,1.43,No
21,Did not complete high school,4,1,15,7.3,0.05,1.04,No
36,High school degree,8,2,42,3.1,0.75,0.55,No
23,Did not complete high school,0,2,20,8.4,0.24,1.44,Yes
28,Some college,3,3,25,18.8,1.16,3.54,Yes
26,Some college,0,3,31,3.1,0.1,0.86,Yes
36,Post-undergraduate degree,3,7,45,3.3,0.47,1.02,No
32,College degree,2,2,55,10.6,1.43,4.4,Yes
24,College degree,0,1,56,9.3,1.55,3.66,Yes
19,High school degree,0,0,55,7.9,0.61,3.73,No
28,College degree,2,3,22,6.2,0.76,0.61,Yes
40,Post-undergraduate degree,1,11,32,18.6,3.4,2.55,Yes
34,Some college,0,4,23,6.8,0.69,0.88,Yes
19,High school degree,0,0,30,4,0.52,0.68,No
44,Did not complete high school,17,14,107,13,3.83,10.08,No
29,High school degree,1,6,36,9.3,1.42,1.93,Yes
45,High school degree,18,11,59,8.9,2.74,2.51,No
32,Some college,3,5,34,12.4,2.18,2.03,No
32,College degree,5,6,67,8.4,3.38,2.25,No
23,Some college,0,1,34,9.2,1.25,1.87,Yes
25,Post-undergraduate degree,0,2,60,8.4,1.25,3.79,No
22,College degree,0,1,23,6.2,0.35,1.08,Yes
27,Did not complete high school,6,2,20,14.3,0.38,2.48,No
24,Some college,2,3,22,5.6,0.08,1.15,No
25,Did not complete high school,4,1,33,13.2,1.63,2.73,Yes
18,High school degree,0,0,34,16.3,1.87,3.67,Yes
46,College degree,14,10,57,4.7,0.25,2.43,No
35,Some college,3,7,54,11,1.16,4.78,No
23,Some college,1,2,63,16.8,3.14,7.44,Yes
33,Did not complete high school,7,5,33,6.9,0.68,1.6,Yes
18,High school degree,0,0,28,8.1,0.84,1.42,Yes
31,High school degree,11,8,37,5.7,0.82,1.28,No
30,Some college,4,3,62,14.8,1.53,7.64,Yes
23,Some college,2,2,32,3,0.28,0.68,No
42,High school degree,1,5,50,9.6,2.6,2.2,No
21,High school degree,0,1,21,6.3,0.83,0.49,Yes
35,High school degree,15,8,55,10.2,3.37,2.24,No
26,High school degree,5,1,47,6.2,1.83,1.09,No
22,Some college,0,2,32,3.7,0.31,0.87,Yes
19,High school degree,0,0,21,5.6,0.14,1.04,No
28,High school degree,3,2,22,11.5,0.87,1.66,No
22,Some college,0,1,45,13.6,1.87,4.25,No
30,High school degree,4,4,45,10,2.13,2.37,No
24,College degree,0,1,53,16.1,5.09,3.44,Yes
20,Some college,0,0,33,9.4,0.55,2.55,Yes
38,High school degree,18,7,53,5.2,1.2,1.55,No
20,Some college,0,0,22,5.1,0.36,0.76,Yes
28,Post-undergraduate degree,0,4,57,12.4,4.52,2.54,Yes
23,Some college,0,2,25,4.2,0.16,0.89,No
21,Some college,0,1,22,8.5,0.08,1.79,No
23,College degree,0,1,28,3.1,0.34,0.53,No
19,High school degree,0,0,22,8.2,0.5,1.3,No
26,High school degree,3,4,33,2.7,0.53,0.36,No
19,High school degree,0,0,23,18.4,0.98,3.25,Yes
24,High school degree,5,2,37,5.7,0.48,1.63,No
19,High school degree,0,0,33,7.5,0.36,2.11,No
26,College degree,1,1,31,12.3,1.15,2.67,Yes
31,Some college,7,4,30,1.9,0.17,0.4,No
22,College degree,0,1,28,8.1,0.61,1.66,Yes
34,High school degree,6,4,41,7.5,1.09,1.98,Yes
22,Some college,0,1,31,10.1,0.7,2.44,Yes
21,Some college,0,1,44,6.3,1.29,1.48,No
24,Some college,0,2,17,9.2,0.31,1.25,No
25,College degree,1,2,35,1.4,0.06,0.43,Yes
32,College degree,3,6,56,13.2,1.53,5.86,Yes
21,Some college,0,0,36,14.1,1.6,3.48,Yes
23,College degree,0,2,34,17,2.16,3.62,Yes
40,Some college,17,6,120,10.2,4.32,7.92,No
39,College degree,4,6,75,5.6,2.62,1.58,No
26,Some college,3,4,18,12.9,0.4,1.92,Yes
25,High school degree,1,3,20,2.5,0.17,0.33,No
28,High school degree,8,4,40,9.8,1.36,2.56,Yes
43,College degree,13,12,127,3,0.42,3.39,No
28,High school degree,6,2,112,3.4,0.38,3.43,No
31,Did not complete high school,0,6,26,3.2,0.34,0.49,No
29,Some college,0,5,37,6.7,0.7,1.77,No
42,College degree,9,9,49,7.3,1.15,2.43,Yes
21,High school degree,0,1,15,4.1,0.25,0.37,No
49,Some college,3,7,28,6.9,0.85,1.09,No
33,High school degree,3,6,33,5.1,0.9,0.79,No
39,College degree,9,12,78,4.1,0.35,2.85,No
26,Some college,3,3,66,4,0.19,2.45,No
23,Did not complete high school,5,1,48,18,1.05,7.59,Yes
19,High school degree,0,0,31,10.6,0.99,2.29,Yes
19,High school degree,0,0,19,5.4,0.37,0.65,Yes
33,Did not complete high school,9,4,22,14.6,0.73,2.48,No
21,High school degree,1,1,30,3.1,0.31,0.62,No
47,High school degree,10,10,39,6.7,0.22,2.39,No
24,High school degree,2,0,32,11,0.83,2.69,No
25,High school degree,5,2,36,2.7,0.53,0.44,No
24,Some college,0,2,67,8.9,2.38,3.58,Yes
53,College degree,3,15,50,15.7,4.25,3.6,No
21,Some college,0,0,20,4,0.48,0.32,No
28,College degree,2,3,47,12.1,0.43,5.25,Yes
27,College degree,1,4,38,8.2,0.62,2.5,No
18,Did not complete high school,1,0,15,8.4,0.74,0.52,Yes
30,High school degree,3,1,35,16.1,0.81,4.82,Yes
19,High school degree,0,0,21,8.1,0.69,1.01,No
22,College degree,0,1,19,7.4,0.78,0.63,Yes
26,Did not complete high school,10,4,43,5.2,0.89,1.35,No
18,High school degree,0,0,30,8.9,0.23,2.44,Yes
30,Some college,3,2,23,6.5,0.28,1.22,Yes
36,High school degree,5,9,50,0.8,0.12,0.28,No
30,High school degree,5,6,36,4.7,0.77,0.92,No
42,High school degree,17,7,66,8.7,1.73,4.01,No
18,High school degree,0,0,30,3.8,0.57,0.57,No
28,College degree,3,3,47,17.7,2.79,5.53,Yes
42,Did not complete high school,1,10,32,7.2,0.69,1.62,Yes
33,College degree,7,6,63,16.7,2.81,7.71,No
26,College degree,1,3,35,7,1.21,1.24,No
24,College degree,0,2,25,5.7,0.64,0.79,Yes
39,College degree,4,6,84,3.4,0.41,2.45,No
18,High school degree,0,0,27,6.1,0.92,0.73,No
23,College degree,0,1,47,12.3,2.1,3.68,Yes
23,Did not complete high school,5,1,26,5.3,0.14,1.24,Yes
30,Some college,1,4,26,8,1.18,0.9,No
37,Did not complete high school,0,8,36,16.1,1.99,3.81,Yes
35,Did not complete high school,16,6,93,4.7,2.86,1.51,No
19,High school degree,0,0,26,14.3,0.52,3.2,Yes
30,College degree,5,6,109,7.8,1.39,7.11,No
40,Did not complete high school,17,5,72,7.3,0.95,4.31,No
23,Some college,2,2,39,16.6,1.64,4.83,No
26,Did not complete high school,5,3,24,7.9,0.33,1.56,No
33,Some college,12,9,48,3.7,0.93,0.84,No
46,Did not complete high school,5,9,40,4.5,0.98,0.82,No
32,High school degree,12,9,27,1.8,0.16,0.32,No
18,High school degree,0,0,35,12.3,0.87,3.44,No
18,High school degree,0,0,27,9.4,0.43,2.1,Yes
23,College degree,0,2,33,2.9,0.23,0.72,No
22,College degree,0,1,21,11.8,0.67,1.81,No
33,High school degree,15,6,71,14.6,2.79,7.58,No
24,College degree,0,1,128,8.9,3.55,7.84,Yes
23,Some college,1,2,28,0.6,0.06,0.11,No
37,College degree,3,8,41,14.4,2.03,3.87,No
43,Did not complete high school,4,9,26,12.9,1.53,1.82,No
31,Some college,2,5,45,13.1,1.64,4.25,Yes
20,Some college,0,1,28,8.6,0.2,2.21,No
24,High school degree,5,1,26,13.1,1.09,2.32,No
28,Some college,4,3,23,4.9,0.55,0.58,Yes
26,College degree,1,2,63,11.9,0.94,6.55,Yes
21,High school degree,1,1,24,4.2,0.06,0.95,No
22,Some college,1,1,29,15.8,2.94,1.64,Yes
44,College degree,4,14,65,5.8,1.53,2.24,No
29,High school degree,6,5,27,6.3,0.13,1.57,No
28,Some college,3,3,31,12.9,2.36,1.64,Yes
41,High school degree,4,11,56,7.3,2.56,1.53,No
44,College degree,4,5,15,16.6,0.08,2.41,No
21,High school degree,1,1,23,9.5,0.14,2.05,No
18,High school degree,0,0,20,19,1.33,2.47,Yes
29,Post-undergraduate degree,0,4,40,12.5,2.03,2.98,Yes
38,High school degree,1,9,28,0.8,0.13,0.1,Yes
30,College degree,1,5,65,13.4,4.55,4.16,Yes
27,High school degree,8,4,29,6.5,0.85,1.04,No
28,Did not complete high school,8,4,45,6,0.72,1.98,No
27,High school degree,9,3,31,6.3,0.27,1.69,No
36,College degree,12,9,35,8.1,1.05,1.78,No
30,College degree,3,4,38,11.9,0.8,3.73,No
29,Some college,7,6,57,4.3,1.04,1.41,No
18,High school degree,0,0,20,16.7,0.46,2.88,Yes
46,Did not complete high school,20,14,48,2.7,0.94,0.36,No
38,Did not complete high school,6,10,24,16.8,0.56,3.48,Yes
23,Some college,0,2,32,7.9,1.22,1.3,No
32,College degree,7,6,71,19.5,4.13,9.72,Yes
32,Some college,4,4,37,3.1,0.32,0.83,No
22,College degree,0,1,28,19.8,0.44,5.1,Yes
21,High school degree,3,1,15,11.8,0.42,1.35,Yes
18,High school degree,0,0,22,4.4,0.15,0.82,Yes
40,High school degree,16,11,53,1.2,0.42,0.21,No
21,Some college,0,0,27,2.3,0.22,0.4,No
35,Some college,2,7,27,0.8,0.1,0.11,No
18,High school degree,0,0,19,14.9,0.14,2.7,Yes
27,Some college,3,2,38,9.7,0.44,3.24,Yes
43,Some college,3,12,38,6,0.62,1.66,No
42,College degree,6,14,49,14.7,2.85,4.36,No
26,College degree,0,3,26,3.3,0.41,0.45,No
18,High school degree,0,0,22,10.2,0.52,1.72,Yes
33,College degree,4,4,136,10.1,5.56,8.17,Yes
46,Some college,0,7,34,3.9,0.08,1.24,No
35,College degree,6,9,81,6.8,2.84,2.67,No
24,College degree,0,2,45,6.7,0.82,2.19,No
46,College degree,1,10,58,7.6,0.33,4.08,No
38,Some college,12,9,86,2.4,0.87,1.19,No
20,Some college,0,0,27,1,0.11,0.16,Yes
45,Did not complete high school,8,12,41,14.8,0.26,5.81,No
37,Did not complete high school,7,2,29,4.3,0.17,1.08,No
18,High school degree,0,0,31,9.1,0.49,2.33,Yes
33,College degree,2,6,66,3.1,0.83,1.21,No
19,High school degree,0,0,39,4.4,0.73,0.99,No
32,High school degree,0,4,35,18.1,1.14,5.19,Yes
38,Some college,6,11,37,19.1,2.37,4.69,Yes
19,High school degree,0,0,17,12.4,0.34,1.77,Yes
48,Did not complete high school,0,12,28,2.6,0.12,0.61,No
30,High school degree,6,5,32,1.5,0.19,0.29,No
33,High school degree,3,3,36,18,2.18,4.3,No
36,College degree,10,7,51,13.2,3.45,3.28,No
40,College degree,12,10,87,5.8,0.54,4.5,No
32,College degree,5,5,87,10.4,0.46,8.59,No
32,High school degree,12,7,75,7.1,1.55,3.78,No
25,Some college,1,3,16,4.5,0.39,0.33,No
22,High school degree,0,1,18,3.5,0.33,0.3,No
35,High school degree,9,9,43,14.9,2.52,3.89,No
26,Some college,4,1,23,8.2,0.35,1.54,No
20,Some college,0,1,31,18.3,1.95,3.72,Yes
39,High school degree,7,10,56,10.9,4.07,2.03,Yes
33,High school degree,6,8,41,2.1,0.02,0.84,No
25,High school degree,6,0,18,16.3,1.86,1.07,Yes
43,Some college,8,9,49,6,0.87,2.07,No
33,Post-undergraduate degree,0,5,46,15.7,0.75,6.47,No
36,College degree,8,8,58,17.2,1.28,8.7,No
33,College degree,5,7,35,5.2,0.58,1.24,No
25,High school degree,5,2,18,12.6,0.11,2.15,Yes
28,Did not complete high school,4,4,20,13.6,0.53,2.19,No
19,High school degree,0,0,20,1.2,0.03,0.21,No
25,High school degree,7,3,27,7.6,0.23,1.82,No
43,Some college,13,7,71,4.2,1.41,1.57,No
32,High school degree,7,2,40,6.2,0.51,1.97,No
18,High school degree,0,0,22,3.4,0.37,0.38,Yes
23,Some college,1,1,42,1.3,0.17,0.38,No
36,High school degree,4,9,57,4.2,0.69,1.7,Yes
20,Some college,0,0,27,5.1,0.53,0.85,No
29,Post-undergraduate degree,2,3,25,12,1.13,1.87,Yes
22,High school degree,0,1,30,11.5,1.69,1.76,Yes
41,College degree,6,7,87,3.7,1.02,2.2,No
26,High school degree,4,3,22,6.7,0.03,1.44,No
40,Did not complete high school,3,11,21,5.3,0.09,1.02,No
46,Some college,12,12,111,5.8,1.09,5.34,No
42,Some college,19,2,24,15.1,2,1.62,No
20,Some college,0,0,21,15.1,1.26,1.91,Yes
22,College degree,0,1,51,8.7,1.07,3.37,Yes
20,Some college,0,0,13,1.1,0.05,0.09,No
24,College degree,1,2,36,13,1,3.68,Yes
33,Some college,3,9,26,12.8,0.92,2.41,No
48,Post-undergraduate degree,2,6,52,13.1,1.52,5.29,No
40,Did not complete high school,2,6,30,3,0.05,0.85,No
26,Did not complete high school,2,2,23,2.5,0.03,0.54,No
30,Did not complete high school,0,6,25,5.7,0.48,0.94,No
39,High school degree,0,4,36,7.5,0.87,1.83,Yes
44,Some college,6,12,39,8.9,1.82,1.65,Yes
40,Some college,15,12,129,11.9,4.82,10.53,No
47,High school degree,8,13,49,18.4,1.58,7.44,No
22,Did not complete high school,4,0,27,4.1,0.33,0.77,No
42,Did not complete high school,8,10,65,14.6,2.7,6.79,No
19,High school degree,0,0,28,2.8,0.24,0.54,Yes
23,High school degree,2,2,25,10.6,0.5,2.15,Yes
25,College degree,0,3,42,14.3,0.76,5.24,Yes
31,High school degree,10,5,41,17.9,0.36,6.98,No
19,High school degree,0,0,35,9.3,0.94,2.32,No
42,College degree,12,5,15,14.4,0.66,1.5,No
19,Did not complete high school,0,0,20,11.7,1.17,1.17,Yes
38,High school degree,18,5,55,16.1,2.34,6.52,No
28,Did not complete high school,7,5,32,9.2,0.95,2,No
24,High school degree,1,2,19,16.3,0.19,2.91,Yes
38,Some college,9,9,66,5.5,0.57,3.06,Yes
20,Some college,0,0,29,11.7,1.25,2.14,Yes
30,High school degree,0,5,26,3.6,0.48,0.46,Yes
26,High school degree,2,2,36,9.4,0.77,2.61,No
25,Did not complete high school,0,1,19,8,0.85,0.67,No
29,High school degree,5,4,26,5.3,0.63,0.75,Yes
39,Some college,7,5,39,12.2,0.71,4.04,No
29,Some college,3,4,74,3.6,0.58,2.08,No
32,Post-undergraduate degree,0,5,22,14.8,0.21,3.05,No
26,High school degree,1,3,24,13.4,1.48,1.74,No
29,High school degree,10,6,50,9.8,2.91,1.99,No
25,Some college,3,2,43,15.6,3.68,3.03,Yes
33,High school degree,3,7,29,5.4,0.37,1.19,No
20,Some college,0,0,25,5,0.13,1.12,Yes
24,Some college,0,1,23,7.4,0.24,1.46,No
21,Did not complete high school,2,1,25,9.8,0.42,2.03,Yes
42,Some college,16,8,71,3.3,0.76,1.59,No
20,High school degree,1,0,37,7.1,0.97,1.66,No
40,Did not complete high school,2,14,31,2.4,0.22,0.52,Yes
36,High school degree,10,3,77,11.3,1.5,7.2,Yes
18,High school degree,0,0,18,2.3,0.09,0.33,No
27,College degree,2,1,31,3.9,0.56,0.65,No
23,College degree,0,2,19,1.4,0.18,0.09,No
26,College degree,1,4,38,13.3,0.31,4.74,No
29,Some college,7,3,21,5.9,0.8,0.44,No
28,Did not complete high school,4,4,25,6.5,0.21,1.41,No
36,Post-undergraduate degree,9,6,108,6.5,3.62,3.4,No
38,Did not complete high school,17,7,41,16.9,3.99,2.94,No
48,Some college,15,11,133,4.1,1.95,3.5,No
35,Did not complete high school,18,4,63,1.6,0.42,0.58,No
25,College degree,0,3,68,4.5,1.13,1.93,Yes
29,Did not complete high school,11,2,39,3.2,0.57,0.68,No
20,High school degree,0,0,24,1.1,0.08,0.19,Yes
21,Some college,0,1,17,7.8,0.21,1.11,No
18,High school degree,0,0,19,7,0.28,1.05,Yes
23,Did not complete high school,6,3,29,12.9,0.59,3.15,No
25,Did not complete high school,5,3,29,2.7,0.16,0.62,No
42,College degree,14,6,55,9.1,1.49,3.51,No
35,College degree,0,8,144,3.2,1.52,3.09,Yes
35,Post-undergraduate degree,2,9,41,10.5,0.49,3.81,Yes
38,Did not complete high school,11,10,33,10.5,1.59,1.88,No
48,Some college,13,10,153,2.3,1.77,1.75,No
25,College degree,1,1,75,11.1,2.65,5.68,Yes
43,Did not complete high school,6,10,54,2.3,0.72,0.52,No
20,Some college,0,1,22,10,0.88,1.32,No
34,College degree,2,5,55,12.7,4.78,2.21,Yes
25,Some college,3,3,36,10.2,0.52,3.15,Yes
23,High school degree,1,1,29,16.7,2.51,2.33,Yes
27,Some college,1,3,47,4.3,0.9,1.12,No
24,Did not complete high school,0,1,28,1.5,0.2,0.22,No
20,Some college,0,1,17,10.5,0.3,1.49,No
28,High school degree,2,2,24,3.7,0.34,0.55,Yes
34,Some college,3,4,47,7,1.32,1.97,No
26,Some college,0,2,43,9.8,0.94,3.28,Yes
28,Post-undergraduate degree,0,3,33,7.8,0.83,1.74,No
28,Some college,3,4,75,4.3,0.48,2.75,No
22,College degree,0,0,27,6,0.61,1.01,Yes
20,High school degree,0,1,19,5.9,0.07,1.05,Yes
36,College degree,11,3,42,2.8,0.67,0.5,No
26,College degree,1,4,89,2.3,0.93,1.12,Yes
25,High school degree,2,3,24,6.8,1.01,0.63,No
22,College degree,0,1,56,2.8,0.41,1.16,No
25,High school degree,2,3,26,10.3,0.86,1.82,No
36,High school degree,4,7,34,16.8,1.16,4.55,Yes
30,Post-undergraduate degree,2,6,21,10.4,1.16,1.03,Yes
21,Some college,0,1,39,18.5,5.21,2.01,Yes
33,High school degree,8,7,35,7.3,0.61,1.94,No
25,Did not complete high school,9,4,29,11.4,1.17,2.14,No
33,Did not complete high school,3,5,34,2.9,0.19,0.8,Yes
27,Some college,0,4,28,4.7,0.39,0.93,No
18,High school degree,0,0,15,1.1,0.03,0.13,No
30,College degree,4,6,28,6.8,1.15,0.75,No
43,College degree,18,14,89,3.6,0.49,2.71,No
27,College degree,3,4,20,11,0.31,1.89,Yes
32,Some college,3,7,79,6.1,1.4,3.42,Yes
30,High school degree,5,5,39,13.8,0.55,4.83,No
36,High school degree,16,8,50,3.5,0.75,1,No
32,Did not complete high school,5,9,35,5.8,0.58,1.45,No
52,Some college,17,12,125,0.5,0.4,0.22,No
35,Some college,7,10,29,7.1,1.59,0.47,No
34,Some college,12,6,46,5.7,0.83,1.79,No
19,High school degree,0,0,20,7,0.19,1.21,No
26,High school degree,1,3,48,11.2,0.16,5.21,Yes
25,College degree,0,1,52,4.9,0.67,1.88,Yes
24,High school degree,5,1,28,19.1,1.52,3.82,Yes
43,High school degree,3,9,53,9.8,1.51,3.69,Yes
33,Some college,8,7,37,3.9,0.56,0.89,No
23,High school degree,1,2,26,12.8,0.55,2.78,No
32,College degree,6,2,31,14.2,1.36,3.04,No
25,High school degree,2,3,21,14.4,0.99,2.04,Yes
23,College degree,0,1,30,12.2,2.25,1.41,Yes
25,Some college,1,3,27,12.7,0.03,3.39,Yes
22,College degree,0,2,50,1.2,0.21,0.39,No
19,High school degree,0,0,16,6.6,0,1.05,No
35,College degree,4,6,18,4.8,0.32,0.55,No
38,College degree,12,9,37,13.2,3.24,1.65,Yes
43,Some college,16,6,102,2.5,0.58,1.97,No
34,High school degree,14,4,59,6.5,2.3,1.54,No
28,High school degree,7,3,88,10.6,2.21,7.12,No
30,Did not complete high school,6,4,20,8.4,0.91,0.77,Yes
37,College degree,0,9,50,1.3,0.21,0.44,No
34,Some college,7,8,30,14.2,0.93,3.33,No
29,High school degree,4,3,48,10.8,2.96,2.22,No
20,Some college,0,0,39,15,1.42,4.43,No
19,High school degree,0,0,22,1.8,0.1,0.29,No
22,College degree,0,1,59,3.1,0.62,1.21,No
30,Some college,4,5,28,8.2,0.4,1.9,No
22,College degree,0,1,32,3.8,0.71,0.5,No
20,Did not complete high school,0,1,20,17.6,0.15,3.37,Yes
19,High school degree,0,0,19,3.3,0.1,0.52,Yes
28,Did not complete high school,2,3,24,1,0.11,0.13,No
18,High school degree,0,0,14,5.5,0.46,0.31,No
32,Some college,6,7,50,9.8,3.09,1.81,No
29,High school degree,0,5,21,12.4,0.38,2.22,Yes
46,Did not complete high school,0,9,25,3,0.43,0.32,No
28,College degree,4,3,30,13.8,0.68,3.46,No
37,Did not complete high school,17,8,76,12.6,4.18,5.39,No
39,College degree,4,13,47,9.7,1.67,2.89,Yes
27,High school degree,2,4,30,2.7,0.34,0.47,Yes
25,High school degree,4,3,21,10,1,1.1,No
49,High school degree,14,11,94,6.9,3.79,2.7,No
24,High school degree,5,1,60,11.2,0.23,6.49,No
24,College degree,0,2,45,5.5,0.59,1.89,Yes
30,College degree,6,5,58,8.6,2.38,2.6,No
22,Did not complete high school,1,0,24,19.9,1.16,3.62,Yes
47,Did not complete high school,17,11,47,18.9,3.77,5.12,No
32,Some college,5,8,52,5.9,1.35,1.72,No
41,High school degree,17,9,68,9.6,3.06,3.47,No
18,High school degree,0,0,18,10,1.12,0.68,Yes
37,Did not complete high school,11,5,34,13.6,2.98,1.65,No
35,Did not complete high school,5,5,40,10.5,0.91,3.29,Yes
36,Post-undergraduate degree,3,9,69,8.3,1.45,4.27,No
19,High school degree,0,0,25,9.3,1.17,1.15,Yes
24,College degree,0,2,64,4.4,0.81,2.01,No
18,High school degree,0,0,22,10.5,0.3,2.01,Yes
20,Some college,0,0,13,0,0,0,No
38,College degree,4,8,61,2.7,0.91,0.73,No
24,Did not complete high school,6,1,21,4.5,0.18,0.76,No
33,Some college,5,6,38,18.3,1.74,5.22,No
34,Some college,0,7,49,5,0.18,2.27,No
33,College degree,6,3,25,13.7,1.18,2.25,No
27,College degree,1,3,32,15.4,2.15,2.77,Yes
37,College degree,3,4,28,18.1,1,4.06,No
34,Did not complete high school,12,6,59,9.2,2,3.43,No
23,High school degree,2,2,35,5.8,0.46,1.57,No
29,Some college,5,6,37,4.3,0.53,1.06,No
25,Did not complete high school,1,4,19,2.6,0.13,0.36,No
21,Did not complete high school,4,1,44,6.4,0.99,1.83,Yes
26,Did not complete high school,6,2,24,11.5,0.91,1.85,No
37,High school degree,4,2,32,3.2,0.14,0.88,No
26,Post-undergraduate degree,0,4,19,4.4,0.05,0.78,Yes
35,Some college,11,8,59,1.4,0.13,0.7,No
22,Some college,0,1,29,19.7,1.68,4.03,Yes
30,High school degree,4,2,26,9.3,0.27,2.15,No
43,Did not complete high school,17,10,104,14.2,3.57,11.19,No
45,Did not complete high school,12,9,57,1,0.34,0.23,No
21,Some college,0,1,23,6.8,0.69,0.87,Yes
27,Did not complete high school,3,3,37,13.9,3.04,2.1,Yes
35,College degree,2,6,56,11.1,1.39,4.83,Yes
38,Did not complete high school,14,8,37,4.4,0.39,1.23,No
26,High school degree,5,2,22,3.3,0.1,0.63,No
29,College degree,4,6,58,18.2,1.62,8.94,Yes
42,College degree,10,10,76,6.1,0.32,4.32,No
37,High school degree,3,8,38,12.3,1.37,3.3,No
23,Did not complete high school,1,2,19,7.2,0.71,0.66,No
23,Some college,1,2,22,14.2,1.56,1.56,Yes
19,High school degree,0,0,20,8.1,0.36,1.26,No
20,Some college,0,0,58,2.8,0.46,1.17,No
18,High school degree,0,0,29,7.5,0.86,1.32,Yes
37,High school degree,2,7,38,2.1,0.07,0.73,No
42,Did not complete high school,8,12,43,1.3,0.15,0.41,No
23,High school degree,2,1,24,1.6,0.05,0.34,No
19,High school degree,0,0,22,6.8,0.41,1.08,Yes
26,Did not complete high school,1,3,15,6.7,0.2,0.8,No
40,Some college,4,14,54,4.6,1.19,1.29,No
43,High school degree,10,9,92,14.7,3.85,9.67,Yes
28,College degree,3,5,35,5.2,0.78,1.04,No
24,High school degree,0,2,36,8.5,1.47,1.59,Yes
22,High school degree,1,1,14,11.7,0.37,1.27,Yes
27,High school degree,1,4,25,0.6,0.03,0.12,No
33,Some college,11,4,61,14.9,4.24,4.84,Yes
31,Post-undergraduate degree,5,3,61,2,0.37,0.85,No
21,Some college,0,1,26,6.9,0.18,1.61,Yes
20,Some college,0,0,24,9.4,0.6,1.66,No
20,Some college,0,0,18,5.3,0.3,0.65,No
21,High school degree,2,1,33,6.4,0.84,1.27,Yes
46,Some college,13,10,32,11,1.19,2.33,No
29,College degree,1,4,50,12.1,0.47,5.58,No
21,Did not complete high school,1,1,23,16.5,1.17,2.62,Yes
18,High school degree,0,0,37,2.5,0.57,0.36,Yes
41,High school degree,9,8,77,7.5,3.11,2.67,No
19,High school degree,0,0,36,5.8,0.78,1.31,Yes
41,Did not complete high school,15,9,54,6.9,1.54,2.18,No
30,College degree,6,5,51,6.2,1.07,2.09,No
23,Some college,0,1,27,14.6,1.16,2.78,No
37,Some college,0,9,35,10.8,1.27,2.51,No
33,Some college,6,6,77,6.2,0.65,4.12,Yes
25,College degree,0,3,30,4.9,0.2,1.27,No
21,Did not complete high school,4,1,19,6.5,0.29,0.94,No
52,High school degree,6,9,55,2.9,0.93,0.66,No
36,Post-undergraduate degree,7,9,124,1.4,0.38,1.35,No
34,College degree,8,4,49,7.5,0.49,3.19,No
29,Some college,6,3,28,4.9,0.57,0.8,Yes
20,High school degree,0,0,46,12.1,0.95,4.61,Yes
20,Some college,0,0,13,17.8,0.81,1.5,No
18,High school degree,0,0,26,7.3,0.64,1.26,No
20,Some college,0,0,21,9.3,0.35,1.6,Yes
19,High school degree,0,0,34,19.3,2.2,4.36,Yes
30,High school degree,1,3,39,1,0.14,0.25,No
34,High school degree,10,6,59,18.6,3.56,7.42,Yes
41,Did not complete high school,15,12,55,12.2,4.13,2.58,No
20,Did not complete high school,3,0,24,16.3,1.31,2.61,Yes
30,Some college,8,2,28,15.8,1.53,2.9,No
25,Post-undergraduate degree,0,1,130,5.8,1.24,6.3,Yes
18,High school degree,0,0,23,10,1.12,1.18,No
27,Some college,0,3,63,1,0.32,0.32,No
31,High school degree,3,6,24,12.9,0.74,2.36,Yes
34,Some college,8,4,83,11,1.85,7.28,No
37,High school degree,10,8,43,3.6,0.81,0.74,No
25,Post-undergraduate degree,0,3,16,3.2,0.29,0.22,No
34,Did not complete high school,10,8,41,14.5,1.19,4.75,No
27,Did not complete high school,2,2,24,5.8,0.56,0.84,No
